{"train_losses": [[2.6609694957733154, 2.4315927028656006, 2.4176933765411377, 2.394960403442383, 2.3660941123962402, 2.3608787059783936, 2.3447065353393555, 2.3297770023345947, 2.327155351638794, 2.331411838531494]], "val_losses": [[2.364359140396118, 2.35756778717041, 2.364068031311035, 2.3526611328125, 2.349759101867676], [2.3116745948791504, 2.3240582942962646, 2.321916103363037, 2.3176698684692383, 2.322744369506836]]}